US,37501
GB,17054
AU,9574
DE,7214
CA,6203
ES,5190
CN,4551
FR,4260
CH,3968
SE,3477
PT,3330
KR,3191
NL,3064
BR,3011
JP,2726
MY,2708
SA,2451
SG,2288
MX,2206
ZA,2153
IT,2007
TW,1985
BE,1890
DK,1836
NZ,1792
IE,1609
AT,1506
NO,1412
HK,1342
CO,1209
TR,1187
RU,1168
AE,1096
FI,1031
IN,986
CL,946
QA,939
CZ,848
IL,775
EC,747
IR,730
AR,701
TH,657
PK,601
JO,525
CY,517
ID,512
PL,482
EG,448
UA,440
KE,384
GR,354
PE,336
VN,331
BD,325
OM,302
HU,271
NG,261
IQ,257
KW,237
LU,232
LB,218
GH,211
ET,210
KZ,199
NP,197
IS,184
EE,154
LK,152
VE,149
PH,149
UG,141
HR,139
BW,134
MO,133
PS,131
TZ,128
PR,128
CR,127
BN,121
TN,110
SI,103
DZ,102
MA,102
RO,96
SK,87
BG,87
RS,87
UY,86
BH,84
RW,84
LT,80
ZW,77
CU,76
ZM,74
CM,73
PA,70
BA,61
BY,59
MT,56
FJ,56
MW,55
AL,49
YE,48
SD,47
DO,45
MZ,45
BT,45
PY,45
TT,43
SO,41
AO,40
LV,39
KH,38
LY,36
SN,36
MU,35
BF,34
BO,34
MK,33
AZ,32
GE,32
AF,28
GT,28
CI,28
UZ,28
MN,27
KG,27
SY,26
JM,26
BJ,26
CV,25
NC,24
NI,23
RE,22
GD,22
CD,22
LS,21
PG,21
ME,21
SV,19
GY,19
ML,17
SZ,17
GM,17
BB,17
MM,16
MG,15
PF,15
GF,15
SL,15
HN,14
BS,14
MD,14
MC,13
LA,13
FO,13
LR,13
GL,12
SS,12
TG,12
GP,11
KN,11
GA,11
CG,11
MV,11
AD,10
NE,10
TL,10
BZ,10
CW,10
LI,9
VC,9
GW,8
ER,8
BM,7
MQ,7
GU,7
HT,7
AM,7
SC,6
CF,6
LC,6
WS,6
SR,6
SM,6
VI,5
GN,5
VU,5
TD,5
SX,5
BI,5
IM,5
TJ,4
VA,4
GI,4
KY,4
AG,4
SB,4
AW,4
MS,4
MR,3
YT,3
KP,3
AS,3
AQ,3
TO,3
AI,3
KM,2
MP,2
KI,2
IO,2
DM,2
AX,1
WF,1
JE,1
FK,1
SJ,1
DJ,1
MH,1
CX,1
ST,1
VG,1
XK,1
CK,1
FM,1
